Nº Oc.,Data,Bairro,Local,Emergência,Viaturas
948085,01/10/2026 - 02:30,MOINHOS DE VENTO,HILÁRIO RIBEIRO,INCÊNDIO,ABT-1365
948087,01/10/2026 - 02:48,AUXILIADORA,MARILAND,INCÊNDIO,ABT-1365
948090,01/10/2026 - 03:40,CRISTO REDENTOR,IRENE CAPPONI SANTIAGO,SALVAMENTO/BUSCA/RESGATE,ABT-0600
948098,01/10/2026 - 06:42,JARDIM SÃO PEDRO,DA VÁRZEA,INCÊNDIO,ABT-0600
948100,01/10/2026 - 06:59,JARDIM FLORESTA,MONTE FLOR,INCÊNDIO,ABT-0600
948104,01/10/2026 - 07:49,RESTINGA,ACESSO F QUADRA 1,AÇÕES PREVENTIVAS,ABT-0598
948114,01/10/2026 - 08:39,RESTINGA,RUA TREZE DE MAIO,INCÊNDIO,ABT-0598
948143,01/10/2026 - 09:20,CAMAQUÃ,CHICO PEDRO,SALVAMENTO/BUSCA/RESGATE,ABT-0596
948168,01/10/2026 - 09:46,LAMI,NOVA OLINDA,AVERIGUAÇÃO/CORTE DE ÁRVORE,ABT-0599
948247,01/10/2026 - 13:13,BELÉM NOVO,ANTONIO DA SILVA SÓ,SALVAMENTO/BUSCA/RESGATE,ABT-0599
948282,01/10/2026 - 13:57,SERRARIA,ODILA BUGANCA,AVERIGUAÇÃO/CORTE DE ÁRVORE,ABT-0596
948324,01/10/2026 - 14:54,PRAIA DE BELAS,AV. AURELIANO DE FIGUEIREDO PINTO,AÇÕES PREVENTIVAS,ABT-0595